{"properties":{"connectionReferences":{"shared_commondataserviceforapps":{"impersonation":{},"runtimeSource":"embedded","connection":{},"api":{"name":"shared_commondataserviceforapps"}}},"definition":{"$schema":"https://schema.management.azure.com/providers/Microsoft.Logic/schemas/2016-06-01/workflowdefinition.json#","contentVersion":"1.0.0.0","parameters":{"$connections":{"defaultValue":{},"type":"Object"},"$authentication":{"defaultValue":{},"type":"SecureObject"}},"triggers":{"manual":{"type":"Request","kind":"Button","inputs":{"schema":{"type":"object","properties":{"text":{"title":"Mockaroo API Key","type":"string","x-ms-dynamically-added":true,"description":"Please enter your input","x-ms-content-hint":"TEXT"},"number":{"title":"Contacts","type":"number","x-ms-dynamically-added":true,"description":"0","x-ms-content-hint":"NUMBER"}},"required":["text","number"]}}}},"actions":{"Generate_Contact_Data_from_Mockaroo":{"runAfter":{},"type":"Http","inputs":{"method":"POST","uri":"@{concat('https://api.mockaroo.com/api/generate.json?key=',triggerBody()['text'],'&count=',triggerBody()['number'])}","body":[{"type":"GUID","name":"id"},{"type":"First Name","name":"first_name"},{"type":"Last Name","name":"last_name"},{"type":"Email Address","name":"email"},{"type":"Gender","name":"gender"},{"dataset":"Accounts","column":"id","selectionStyle":"random","type":"Dataset Column","name":"company_id"},{"dataset":"Users","column":"id","selectionStyle":"random","type":"Dataset Column","name":"user_id"},{"type":"Job Title","name":"jobtitle"}]}},"Parse_Mockaroo_User_JSON":{"runAfter":{"Generate_Contact_Data_from_Mockaroo":["Succeeded"]},"type":"ParseJson","inputs":{"content":"@body('Generate_Contact_Data_from_Mockaroo')","schema":{"type":"array","items":{"type":"object","properties":{"id":{"type":"string"},"first_name":{"type":"string"},"last_name":{"type":"string"},"email":{"type":"string"},"gender":{"type":"string"},"company_id":{"type":"string"},"user_id":{"type":"string"},"jobtitle":{"type":"string"}},"required":["id","first_name","last_name","email","gender","company_id","user_id","jobtitle"]}}}},"Convert_JSON_to_CSV_to_Upload_DataSet_back_to_Mockaroo":{"runAfter":{"Parse_Mockaroo_User_JSON":["Succeeded"]},"type":"Table","inputs":{"from":"@body('Parse_Mockaroo_User_JSON')","format":"CSV"}},"Upload_Contacts_DataSet_for_Reference_Data":{"runAfter":{"Convert_JSON_to_CSV_to_Upload_DataSet_back_to_Mockaroo":["Succeeded"]},"type":"Http","inputs":{"method":"POST","uri":"@{concat('https://api.mockaroo.com/api/datasets/Contacts?key=',triggerBody()['text'])}","headers":{"content-type":"text/csv"},"body":"@body('Convert_JSON_to_CSV_to_Upload_DataSet_back_to_Mockaroo')"}},"Apply_to_each":{"foreach":"@body('Parse_Mockaroo_User_JSON')","actions":{"Create_Contact_Record_in_CDS":{"runAfter":{},"type":"OpenApiConnection","inputs":{"host":{"apiId":"/providers/Microsoft.PowerApps/apis/shared_commondataserviceforapps","connectionName":"shared_commondataserviceforapps","operationId":"CreateRecord"},"parameters":{"entityName":"contacts","item/lastname":"@items('Apply_to_each')['last_name']","item/parentcustomerid_account@odata.bind":"accounts(@{items('Apply_to_each')['company_id']})","item/emailaddress1":"@items('Apply_to_each')['email']","item/firstname":"@items('Apply_to_each')['first_name']","item/jobtitle":"@items('Apply_to_each')['jobtitle']","item/contactid":"@items('Apply_to_each')['id']","item/gendercode":"@if(equals(items('Apply_to_each')['gender'],'Male'),1,2)","item/ownerid@odata.bind":"systemusers(@{items('Apply_to_each')['user_id']})"},"authentication":"@parameters('$authentication')"}},"Set_Primary_Contact_for_Account":{"runAfter":{"Create_Contact_Record_in_CDS":["Succeeded"]},"type":"OpenApiConnection","inputs":{"host":{"apiId":"/providers/Microsoft.PowerApps/apis/shared_commondataserviceforapps","connectionName":"shared_commondataserviceforapps","operationId":"UpdateRecord"},"parameters":{"entityName":"accounts","recordId":"@items('Apply_to_each')['company_id']","item/primarycontactid@odata.bind":"contacts(@{items('Apply_to_each')['id']})"},"authentication":"@parameters('$authentication')"}}},"runAfter":{"Upload_Contacts_DataSet_for_Reference_Data":["Succeeded"]},"type":"Foreach","runtimeConfiguration":{"concurrency":{"repetitions":20}}},"Success_Response":{"runAfter":{"Apply_to_each":["Succeeded"]},"type":"Response","kind":"Http","inputs":{"statusCode":200}},"Fail_Response":{"runAfter":{"Apply_to_each":["Failed","TimedOut"]},"type":"Response","kind":"Http","inputs":{"statusCode":500}}},"outputs":{}}},"schemaVersion":"1.0.0.0"}