{"properties":{"connectionReferences":{"shared_commondataserviceforapps":{"impersonation":{},"runtimeSource":"embedded","connection":{},"api":{"name":"shared_commondataserviceforapps"}}},"definition":{"$schema":"https://schema.management.azure.com/providers/Microsoft.Logic/schemas/2016-06-01/workflowdefinition.json#","contentVersion":"1.0.0.0","parameters":{"$connections":{"defaultValue":{},"type":"Object"},"$authentication":{"defaultValue":{},"type":"SecureObject"}},"triggers":{"manual":{"type":"Request","kind":"Button","inputs":{"schema":{"type":"object","properties":{"text":{"title":"Mockaroo API Key","type":"string","x-ms-dynamically-added":true,"description":"Please enter your input","x-ms-content-hint":"TEXT"}},"required":["text"]}}}},"actions":{"CurrencyId":{"runAfter":{},"type":"InitializeVariable","inputs":{"variables":[{"name":"CurrencyId","type":"String"}]}},"Get_Currencies":{"runAfter":{"PriceListID":["Succeeded"]},"type":"OpenApiConnection","inputs":{"host":{"apiId":"/providers/Microsoft.PowerApps/apis/shared_commondataserviceforapps","connectionName":"shared_commondataserviceforapps","operationId":"ListRecords"},"parameters":{"entityName":"transactioncurrencies","$top":1},"authentication":"@parameters('$authentication')"}},"Create_a_PriceList":{"runAfter":{"Primary_Unit_Select":["Succeeded"]},"type":"OpenApiConnection","inputs":{"host":{"apiId":"/providers/Microsoft.PowerApps/apis/shared_commondataserviceforapps","connectionName":"shared_commondataserviceforapps","operationId":"CreateRecord"},"parameters":{"entityName":"pricelevels","item/transactioncurrencyid@odata.bind":"transactioncurrencies(@{variables('CurrencyId')})","item/name":"New Zealand Rates","item/pricelevelid":"@variables('PriceListID')"},"authentication":"@parameters('$authentication')"}},"Create_a_Product_Family":{"runAfter":{"Create_a_PriceList":["Succeeded","Failed","Skipped"]},"type":"OpenApiConnection","inputs":{"host":{"apiId":"/providers/Microsoft.PowerApps/apis/shared_commondataserviceforapps","connectionName":"shared_commondataserviceforapps","operationId":"CreateRecord"},"parameters":{"entityName":"products","item/quantitydecimal":2,"item/defaultuomid@odata.bind":"uoms(@{variables('PrimaryUnit')})","item/name":"Product Family Sample","item/defaultuomscheduleid@odata.bind":"uomschedules(@{variables('UnitGroup')})","item/productnumber":"ProdFamilySample","item/productstructure":2,"item/transactioncurrencyid@odata.bind":"transactioncurrencies(@{variables('CurrencyId')})","item/productid":"7342BD18-20F5-4CA7-8C8F-27550750A476","item/statecode":0},"authentication":"@parameters('$authentication')"}},"Unit_Group":{"runAfter":{"CurrencyId":["Succeeded"]},"type":"InitializeVariable","inputs":{"variables":[{"name":"UnitGroup","type":"String"}]}},"Primary_Unit":{"runAfter":{"Unit_Group":["Succeeded"]},"type":"InitializeVariable","inputs":{"variables":[{"name":"PrimaryUnit","type":"String"}]}},"Get_Unit_Groups":{"runAfter":{"Currency_Select":["Succeeded"]},"type":"OpenApiConnection","inputs":{"host":{"apiId":"/providers/Microsoft.PowerApps/apis/shared_commondataserviceforapps","connectionName":"shared_commondataserviceforapps","operationId":"ListRecords"},"parameters":{"entityName":"uomschedules","$filter":"name eq 'Default Unit'","$top":1},"authentication":"@parameters('$authentication')"}},"Get_Primary_Unit":{"runAfter":{"Unit_Group_Select":["Succeeded"]},"type":"OpenApiConnection","inputs":{"host":{"apiId":"/providers/Microsoft.PowerApps/apis/shared_commondataserviceforapps","connectionName":"shared_commondataserviceforapps","operationId":"ListRecords"},"parameters":{"entityName":"uoms","$filter":"name eq 'Primary Unit'","$top":1},"authentication":"@parameters('$authentication')"}},"Parse_Product_JSON":{"runAfter":{"Activate_Product_Family":["Succeeded","Failed","Skipped"]},"type":"ParseJson","inputs":{"content":[{"msdyn_converttocustomerasset":"True","currentcost":"1000.0000","quantitydecimal":"2","defaultuomid":"66c7bc8d-3665-e811-8149-000d3a06499e","exchangerate":"1.0000000000","msdyn_fieldserviceproducttype":"690970000","iskit":"False","price":"1500.0000","name":"ArmBand 150","productid":"222bf20a-081e-e711-8103-c4346bac2908","productnumber":"PRDPKGAB150","productstructure":"1","producttypecode":"1","msdyn_purchasename":"ArmBand 150","standardcost":"1000.0000","isstockitem":"False","msdyn_taxable":"True","defaultuomscheduleid":"2ee3da26-1be7-e611-80f4-e0071b661f01"},{"msdyn_converttocustomerasset":"False","currentcost":"150.0000","quantitydecimal":"2","defaultuomid":"ddd8d823-047c-48af-bdcd-96447e4a9df3","description":"Customer engagement to assure satisfaction and ongoing referenceability - pure COGS no revenue.","exchangerate":"1.0000000000","iskit":"False","price":"0.0000","name":"Customer Satisfaction - Project Hours","productid":"b06a9352-d068-e711-80f3-c4346badc680","productnumber":"CSATPRJ","productstructure":"1","producttypecode":"1","msdyn_purchasename":"Customer Satisfaction - Project Hours","standardcost":"150.0000","isstockitem":"False","msdyn_taxable":"True","defaultuomscheduleid":"140ebfe6-2c1d-41ad-90cf-ef72214ae74d"},{"msdyn_converttocustomerasset":"True","currentcost":"6750.0000","quantitydecimal":"2","defaultuomid":"66c7bc8d-3665-e811-8149-000d3a06499e","exchangerate":"1.0000000000","msdyn_fieldserviceproducttype":"690970000","iskit":"False","price":"15000.0000","name":"AssemblyWizard 100","productid":"6347c934-1de7-e611-80f4-e0071b661f01","productnumber":"PRDPKGAWD100","productstructure":"1","producttypecode":"1","msdyn_purchasename":"AssemblyWizard 100","quantityonhand":"0.0000000000","standardcost":"6750.0000","isstockitem":"False","msdyn_taxable":"True","defaultuomscheduleid":"2ee3da26-1be7-e611-80f4-e0071b661f01"},{"msdyn_converttocustomerasset":"True","currentcost":"7763.0000","quantitydecimal":"2","defaultuomid":"66c7bc8d-3665-e811-8149-000d3a06499e","exchangerate":"1.0000000000","msdyn_fieldserviceproducttype":"690970000","iskit":"False","price":"17250.0000","name":"AssemblyWizard 200","productid":"6547c934-1de7-e611-80f4-e0071b661f01","productnumber":"PRDPKGAWD200","productstructure":"1","producttypecode":"1","msdyn_purchasename":"AssemblyWizard 200","quantityonhand":"0.0000000000","standardcost":"7763.0000","isstockitem":"False","msdyn_taxable":"True","defaultuomscheduleid":"2ee3da26-1be7-e611-80f4-e0071b661f01"},{"msdyn_converttocustomerasset":"True","currentcost":"8928.0000","quantitydecimal":"2","defaultuomid":"66c7bc8d-3665-e811-8149-000d3a06499e","exchangerate":"1.0000000000","msdyn_fieldserviceproducttype":"690970000","iskit":"False","price":"19838.0000","name":"AssemblyVirtuoso 100","productid":"6747c934-1de7-e611-80f4-e0071b661f01","productnumber":"PRDPKGAVE100","productstructure":"1","producttypecode":"1","msdyn_purchasename":"AssemblyVirtuoso 100","quantityonhand":"0.0000000000","standardcost":"8928.0000","isstockitem":"False","msdyn_taxable":"True","defaultuomscheduleid":"2ee3da26-1be7-e611-80f4-e0071b661f01"},{"msdyn_converttocustomerasset":"True","currentcost":"10267.0000","quantitydecimal":"2","defaultuomid":"66c7bc8d-3665-e811-8149-000d3a06499e","exchangerate":"1.0000000000","msdyn_fieldserviceproducttype":"690970000","iskit":"False","price":"22814.0000","name":"AssemblyVirtuoso 200","productid":"6947c934-1de7-e611-80f4-e0071b661f01","productnumber":"PRDPKGAVE200","productstructure":"1","producttypecode":"1","msdyn_purchasename":"AssemblyVirtuoso 200","quantityonhand":"0.0000000000","standardcost":"10267.0000","isstockitem":"False","msdyn_taxable":"True","defaultuomscheduleid":"2ee3da26-1be7-e611-80f4-e0071b661f01"},{"msdyn_converttocustomerasset":"True","currentcost":"11807.0000","quantitydecimal":"2","defaultuomid":"66c7bc8d-3665-e811-8149-000d3a06499e","exchangerate":"1.0000000000","msdyn_fieldserviceproducttype":"690970000","iskit":"False","price":"26236.0000","name":"AssemblyVirtuoso 300","productid":"6b47c934-1de7-e611-80f4-e0071b661f01","productnumber":"PRDPKGAVE300","productstructure":"1","producttypecode":"1","msdyn_purchasename":"AssemblyVirtuoso 300","quantityonhand":"0.0000000000","standardcost":"11807.0000","isstockitem":"False","msdyn_taxable":"True","defaultuomscheduleid":"2ee3da26-1be7-e611-80f4-e0071b661f01"},{"msdyn_converttocustomerasset":"True","currentcost":"13577.0000","quantitydecimal":"2","defaultuomid":"66c7bc8d-3665-e811-8149-000d3a06499e","exchangerate":"1.0000000000","msdyn_fieldserviceproducttype":"690970000","iskit":"False","price":"30171.0000","name":"AssemblyMaestro 100","productid":"6d47c934-1de7-e611-80f4-e0071b661f01","productnumber":"PRDPKGAMK100","productstructure":"1","producttypecode":"1","msdyn_purchasename":"AssemblyMaestro 100","quantityonhand":"0.0000000000","standardcost":"13577.0000","isstockitem":"False","msdyn_taxable":"True","defaultuomscheduleid":"2ee3da26-1be7-e611-80f4-e0071b661f01"},{"msdyn_converttocustomerasset":"True","currentcost":"15614.0000","quantitydecimal":"2","defaultuomid":"66c7bc8d-3665-e811-8149-000d3a06499e","exchangerate":"1.0000000000","msdyn_fieldserviceproducttype":"690970000","iskit":"False","price":"34697.0000","name":"AssemblyMaestro 200","productid":"6f47c934-1de7-e611-80f4-e0071b661f01","productnumber":"PRDPKGAMK200","productstructure":"1","producttypecode":"1","msdyn_purchasename":"AssemblyMaestro 200","quantityonhand":"0.0000000000","standardcost":"15614.0000","isstockitem":"False","msdyn_taxable":"True","defaultuomscheduleid":"2ee3da26-1be7-e611-80f4-e0071b661f01"},{"msdyn_converttocustomerasset":"True","currentcost":"830.0000","quantitydecimal":"2","defaultuomid":"66c7bc8d-3665-e811-8149-000d3a06499e","exchangerate":"1.0000000000","msdyn_fieldserviceproducttype":"690970000","iskit":"False","price":"1250.0000","name":"ArmBand 100","productid":"7147c934-1de7-e611-80f4-e0071b661f01","productnumber":"PRDPKGAB100","productstructure":"1","producttypecode":"1","msdyn_purchasename":"ArmBand 100","quantityonhand":"0.0000000000","standardcost":"830.0000","isstockitem":"False","msdyn_taxable":"True","defaultuomscheduleid":"2ee3da26-1be7-e611-80f4-e0071b661f01"},{"msdyn_converttocustomerasset":"False","currentcost":"268.0000","quantitydecimal":"2","defaultuomid":"ddd8d823-047c-48af-bdcd-96447e4a9df3","exchangerate":"1.0000000000","iskit":"False","price":"400.0000","name":"Inspect System Health (Flat Hourly Rate)","productid":"aa49cbc2-2ee7-e611-8110-e0071b66bf01","productnumber":"SVCHRInspectionHealthCheck","productstructure":"1","producttypecode":"3","standardcost":"250.0000","isstockitem":"False","msdyn_taxable":"False","defaultuomscheduleid":"140ebfe6-2c1d-41ad-90cf-ef72214ae74d"},{"msdyn_converttocustomerasset":"False","currentcost":"348.0000","quantitydecimal":"2","defaultuomid":"ddd8d823-047c-48af-bdcd-96447e4a9df3","exchangerate":"1.0000000000","msdyn_fieldserviceproducttype":"690970002","iskit":"False","price":"500.0000","name":"Inspect Range of Motion (Flat Hourly Rate)","productid":"ac49cbc2-2ee7-e611-8110-e0071b66bf01","productnumber":"SVCHRInspectionRangeOfMotion","productstructure":"1","producttypecode":"3","standardcost":"325.0000","isstockitem":"False","msdyn_taxable":"False","defaultuomscheduleid":"140ebfe6-2c1d-41ad-90cf-ef72214ae74d"},{"msdyn_converttocustomerasset":"False","currentcost":"453.0000","quantitydecimal":"2","defaultuomid":"ddd8d823-047c-48af-bdcd-96447e4a9df3","exchangerate":"1.0000000000","msdyn_fieldserviceproducttype":"690970002","iskit":"False","price":"750.0000","name":"Inspect Line Integration (Flat Hourly Rate)","productid":"ae49cbc2-2ee7-e611-8110-e0071b66bf01","productnumber":"SVCHRInspectionLineIntegration","productstructure":"1","producttypecode":"3","standardcost":"423.0000","isstockitem":"False","msdyn_taxable":"False","defaultuomscheduleid":"140ebfe6-2c1d-41ad-90cf-ef72214ae74d"},{"msdyn_converttocustomerasset":"False","currentcost":"527.0000","quantitydecimal":"2","defaultuomid":"ddd8d823-047c-48af-bdcd-96447e4a9df3","exchangerate":"1.0000000000","msdyn_fieldserviceproducttype":"690970002","iskit":"False","price":"870.0000","name":"Replace Grip Array Network HD or Camera (Flat Hourly Rate)","productid":"b049cbc2-2ee7-e611-8110-e0071b66bf01","productnumber":"SVCHRReplacePeripheral","productstructure":"1","producttypecode":"3","standardcost":"530.0000","isstockitem":"False","msdyn_taxable":"False","defaultuomscheduleid":"140ebfe6-2c1d-41ad-90cf-ef72214ae74d"},{"msdyn_converttocustomerasset":"False","currentcost":"453.0000","quantitydecimal":"2","defaultuomid":"ddd8d823-047c-48af-bdcd-96447e4a9df3","exchangerate":"1.0000000000","msdyn_fieldserviceproducttype":"690970002","iskit":"False","price":"740.0000","name":"ArmBand Install (Flat Hourly Rate)","productid":"b249cbc2-2ee7-e611-8110-e0071b66bf01","productnumber":"SVCHRInstallArmBand","productstructure":"1","producttypecode":"3","standardcost":"450.0000","isstockitem":"False","msdyn_taxable":"False","defaultuomscheduleid":"140ebfe6-2c1d-41ad-90cf-ef72214ae74d"},{"msdyn_converttocustomerasset":"False","currentcost":"453.0000","quantitydecimal":"2","defaultuomid":"ddd8d823-047c-48af-bdcd-96447e4a9df3","exchangerate":"1.0000000000","msdyn_fieldserviceproducttype":"690970002","iskit":"False","price":"740.0000","name":"Replace Arm or Power Unit or Servo Motor (Flat Hourly Rate)","productid":"b449cbc2-2ee7-e611-8110-e0071b66bf01","productnumber":"SVCHRReplaceComponent","productstructure":"1","producttypecode":"3","standardcost":"450.0000","isstockitem":"False","msdyn_taxable":"False","defaultuomscheduleid":"140ebfe6-2c1d-41ad-90cf-ef72214ae74d"},{"msdyn_converttocustomerasset":"False","currentcost":"348.0000","quantitydecimal":"2","defaultuomid":"ddd8d823-047c-48af-bdcd-96447e4a9df3","exchangerate":"1.0000000000","msdyn_fieldserviceproducttype":"690970002","iskit":"False","price":"580.0000","name":"Replace Trunk or Base Unit (Flat Hourly Rate)","productid":"b649cbc2-2ee7-e611-8110-e0071b66bf01","productnumber":"SVCHRReplaceStructural","productstructure":"1","producttypecode":"3","standardcost":"350.0000","isstockitem":"False","msdyn_taxable":"False","defaultuomscheduleid":"140ebfe6-2c1d-41ad-90cf-ef72214ae74d"},{"msdyn_converttocustomerasset":"False","currentcost":"600.0000","quantitydecimal":"2","defaultuomid":"ddd8d823-047c-48af-bdcd-96447e4a9df3","exchangerate":"1.0000000000","msdyn_fieldserviceproducttype":"690970002","iskit":"False","price":"990.0000","name":"Replace CPU and Controller (Flat Hourly Rate)","productid":"b849cbc2-2ee7-e611-8110-e0071b66bf01","productnumber":"SVCHRReplaceLogic","productstructure":"1","producttypecode":"3","standardcost":"600.0000","isstockitem":"False","msdyn_taxable":"False","defaultuomscheduleid":"140ebfe6-2c1d-41ad-90cf-ef72214ae74d"},{"msdyn_converttocustomerasset":"True","currentcost":"322.0000","quantitydecimal":"2","defaultuomid":"ddd8d823-047c-48af-bdcd-96447e4a9df3","exchangerate":"1.0000000000","msdyn_fieldserviceproducttype":"690970000","iskit":"False","price":"480.0000","name":"Universal Network Card","productid":"ba49cbc2-2ee7-e611-8110-e0071b66bf01","productnumber":"CMPNTNetworkCard","productstructure":"1","producttypecode":"1","msdyn_purchasename":"Universal Network Card","standardcost":"320.0000","isstockitem":"False","msdyn_taxable":"True","defaultuomscheduleid":"140ebfe6-2c1d-41ad-90cf-ef72214ae74d"},{"msdyn_converttocustomerasset":"True","currentcost":"1014.0000","quantitydecimal":"2","defaultuomid":"ddd8d823-047c-48af-bdcd-96447e4a9df3","exchangerate":"1.0000000000","msdyn_fieldserviceproducttype":"690970000","iskit":"False","price":"1520.0000","name":"Universal Hard Drive","productid":"bc49cbc2-2ee7-e611-8110-e0071b66bf01","productnumber":"CMPNTHardDrive","productstructure":"1","producttypecode":"1","msdyn_purchasename":"Universal Hard Drive","standardcost":"1010.0000","isstockitem":"False","msdyn_taxable":"True","defaultuomscheduleid":"140ebfe6-2c1d-41ad-90cf-ef72214ae74d"},{"msdyn_converttocustomerasset":"True","currentcost":"1116.0000","quantitydecimal":"2","defaultuomid":"ddd8d823-047c-48af-bdcd-96447e4a9df3","exchangerate":"1.0000000000","msdyn_fieldserviceproducttype":"690970000","iskit":"False","price":"1670.0000","name":"AssemblyWizard Grip Array","productid":"be49cbc2-2ee7-e611-8110-e0071b66bf01","productnumber":"CMPNTGripArrayWizard","productstructure":"1","producttypecode":"1","msdyn_purchasename":"AssemblyWizard Grip Array","standardcost":"1120.0000","isstockitem":"False","msdyn_taxable":"True","defaultuomscheduleid":"140ebfe6-2c1d-41ad-90cf-ef72214ae74d"},{"msdyn_converttocustomerasset":"True","currentcost":"1227.0000","quantitydecimal":"2","defaultuomid":"ddd8d823-047c-48af-bdcd-96447e4a9df3","exchangerate":"1.0000000000","msdyn_fieldserviceproducttype":"690970000","iskit":"False","price":"1840.0000","name":"AssemblyVirtuoso Grip Array","productid":"c049cbc2-2ee7-e611-8110-e0071b66bf01","productnumber":"CMPNTGripArrayVirtuoso","productstructure":"1","producttypecode":"1","msdyn_purchasename":"AssemblyVirtuoso Grip Array","standardcost":"1230.0000","isstockitem":"False","msdyn_taxable":"True","defaultuomscheduleid":"140ebfe6-2c1d-41ad-90cf-ef72214ae74d"},{"msdyn_converttocustomerasset":"True","currentcost":"1350.0000","quantitydecimal":"2","defaultuomid":"ddd8d823-047c-48af-bdcd-96447e4a9df3","exchangerate":"1.0000000000","msdyn_fieldserviceproducttype":"690970000","iskit":"False","price":"2030.0000","name":"AssemblyMaestro Grip Array","productid":"c249cbc2-2ee7-e611-8110-e0071b66bf01","productnumber":"CMPNTGripArrayMaestro","productstructure":"1","producttypecode":"1","msdyn_purchasename":"AssemblyMaestro Grip Array","standardcost":"1350.0000","isstockitem":"False","msdyn_taxable":"True","defaultuomscheduleid":"140ebfe6-2c1d-41ad-90cf-ef72214ae74d"},{"msdyn_converttocustomerasset":"True","currentcost":"500.0000","quantitydecimal":"2","defaultuomid":"ddd8d823-047c-48af-bdcd-96447e4a9df3","exchangerate":"1.0000000000","msdyn_fieldserviceproducttype":"690970000","iskit":"False","price":"850.0000","name":"AssemblyWizard Arm Servo Motor","productid":"ca49cbc2-2ee7-e611-8110-e0071b66bf01","productnumber":"CMPNTArmServoMotorWizard","productstructure":"1","producttypecode":"1","msdyn_purchasename":"AssemblyWizard Arm Servo Motor","standardcost":"500.0000","isstockitem":"False","msdyn_taxable":"True","defaultuomscheduleid":"140ebfe6-2c1d-41ad-90cf-ef72214ae74d"},{"msdyn_converttocustomerasset":"True","currentcost":"650.0000","quantitydecimal":"2","defaultuomid":"ddd8d823-047c-48af-bdcd-96447e4a9df3","exchangerate":"1.0000000000","msdyn_fieldserviceproducttype":"690970000","iskit":"False","price":"900.0000","name":"AssemblyVirtuoso Arm Servo Motor","productid":"cc49cbc2-2ee7-e611-8110-e0071b66bf01","productnumber":"CMPNTArmServoMotorVirtuoso","productstructure":"1","producttypecode":"1","msdyn_purchasename":"AssemblyVirtuoso Arm Servo Motor","standardcost":"650.0000","isstockitem":"False","msdyn_taxable":"True","defaultuomscheduleid":"140ebfe6-2c1d-41ad-90cf-ef72214ae74d"},{"msdyn_converttocustomerasset":"True","currentcost":"750.0000","quantitydecimal":"2","defaultuomid":"ddd8d823-047c-48af-bdcd-96447e4a9df3","exchangerate":"1.0000000000","msdyn_fieldserviceproducttype":"690970000","iskit":"False","price":"1000.0000","name":"AssemblyMaestro Arm Servo Motor","productid":"ce49cbc2-2ee7-e611-8110-e0071b66bf01","productnumber":"CMPNTArmServoMotorMaestro","productstructure":"1","producttypecode":"1","msdyn_purchasename":"AssemblyMaestro Arm Servo Motor","standardcost":"750.0000","isstockitem":"False","msdyn_taxable":"True","defaultuomscheduleid":"140ebfe6-2c1d-41ad-90cf-ef72214ae74d"},{"msdyn_converttocustomerasset":"True","currentcost":"3501.0000","quantitydecimal":"2","defaultuomid":"ddd8d823-047c-48af-bdcd-96447e4a9df3","exchangerate":"1.0000000000","msdyn_fieldserviceproducttype":"690970000","iskit":"False","price":"5250.0000","name":"AssemblyWizard Power Unit","productid":"d649cbc2-2ee7-e611-8110-e0071b66bf01","productnumber":"CMPNTPowerCMPNTWizard","productstructure":"1","producttypecode":"1","msdyn_purchasename":"AssemblyWizard Power Unit","standardcost":"3500.0000","isstockitem":"False","msdyn_taxable":"True","defaultuomscheduleid":"140ebfe6-2c1d-41ad-90cf-ef72214ae74d"},{"currentcost":"3851.0000","quantitydecimal":"2","defaultuomid":"ddd8d823-047c-48af-bdcd-96447e4a9df3","exchangerate":"1.0000000000","msdyn_fieldserviceproducttype":"690970000","iskit":"False","price":"5780.0000","name":"AssemblyVirtuoso Power Unit","productid":"d849cbc2-2ee7-e611-8110-e0071b66bf01","productnumber":"CMPNTPowerCMPNTVirtuoso","productstructure":"1","producttypecode":"1","msdyn_purchasename":"AssemblyVirtuoso Power Unit","standardcost":"3850.0000","isstockitem":"False","msdyn_taxable":"True","defaultuomscheduleid":"140ebfe6-2c1d-41ad-90cf-ef72214ae74d"},{"msdyn_converttocustomerasset":"True","currentcost":"4236.0000","quantitydecimal":"2","defaultuomid":"ddd8d823-047c-48af-bdcd-96447e4a9df3","exchangerate":"1.0000000000","msdyn_fieldserviceproducttype":"690970000","iskit":"False","price":"6350.0000","name":"AssemblyMaestro Power Unit","productid":"da49cbc2-2ee7-e611-8110-e0071b66bf01","productnumber":"CMPNTPowerCMPNTMaestro","productstructure":"1","producttypecode":"1","msdyn_purchasename":"AssemblyMaestro Power Unit","standardcost":"4240.0000","isstockitem":"False","msdyn_taxable":"True","defaultuomscheduleid":"140ebfe6-2c1d-41ad-90cf-ef72214ae74d"},{"msdyn_converttocustomerasset":"False","currentcost":"600.0000","quantitydecimal":"2","defaultuomid":"ddd8d823-047c-48af-bdcd-96447e4a9df3","exchangerate":"1.0000000000","msdyn_fieldserviceproducttype":"690970002","iskit":"False","price":"990.0000","name":"AssemblyUnit Refurbish &amp;amp; Test (Flat Hourly Rate)","productid":"f049cbc2-2ee7-e611-8110-e0071b66bf01","productnumber":"SVCHRRefurbishTestAssemblyUnit","productstructure":"1","producttypecode":"3","standardcost":"600.0000","isstockitem":"False","msdyn_taxable":"False","defaultuomscheduleid":"140ebfe6-2c1d-41ad-90cf-ef72214ae74d"},{"msdyn_converttocustomerasset":"False","currentcost":"600.0000","quantitydecimal":"2","defaultuomid":"ddd8d823-047c-48af-bdcd-96447e4a9df3","exchangerate":"1.0000000000","msdyn_fieldserviceproducttype":"690970002","iskit":"False","price":"990.0000","name":"AssemblyUnit Upgrade &amp;amp; Test (Flat Hourly Rate)","productid":"f249cbc2-2ee7-e611-8110-e0071b66bf01","productnumber":"SVCHRUpgradeTestAssemblyUnit","productstructure":"1","producttypecode":"3","standardcost":"600.0000","isstockitem":"False","msdyn_taxable":"False","defaultuomscheduleid":"140ebfe6-2c1d-41ad-90cf-ef72214ae74d"},{"msdyn_converttocustomerasset":"False","currentcost":"600.0000","quantitydecimal":"2","defaultuomid":"ddd8d823-047c-48af-bdcd-96447e4a9df3","exchangerate":"1.0000000000","msdyn_fieldserviceproducttype":"690970002","iskit":"False","price":"990.0000","name":"AssemblyUnit Install Configure Test (Flat Hourly Rate)","productid":"fc49cbc2-2ee7-e611-8110-e0071b66bf01","productnumber":"SVCHRInstallConfigureTestAssemblyUnit","productstructure":"1","producttypecode":"3","standardcost":"600.0000","isstockitem":"False","msdyn_taxable":"False","defaultuomscheduleid":"140ebfe6-2c1d-41ad-90cf-ef72214ae74d"}],"schema":{"type":"array","items":{"type":"object","properties":{"msdyn_converttocustomerasset":{"type":"string"},"currentcost":{"type":"string"},"quantitydecimal":{"type":"string"},"defaultuomid":{"type":"string"},"exchangerate":{"type":"string"},"msdyn_fieldserviceproducttype":{"type":"string"},"iskit":{"type":"string"},"price":{"type":"string"},"name":{"type":"string"},"productid":{"type":"string"},"productnumber":{"type":"string"},"productstructure":{"type":"string"},"producttypecode":{"type":"string"},"msdyn_purchasename":{"type":"string"},"standardcost":{"type":"string"},"isstockitem":{"type":"string"},"msdyn_taxable":{"type":"string"},"defaultuomscheduleid":{"type":"string"},"description":{"type":"string"},"quantityonhand":{"type":"string"}},"required":["currentcost","quantitydecimal","defaultuomid","exchangerate","iskit","price","name","productid","productnumber","productstructure","producttypecode","standardcost","isstockitem","msdyn_taxable","defaultuomscheduleid"]}}}},"Convert_JSON_to_CSV_to_Upload_DataSet_back_to_Mockaroo":{"runAfter":{"Parse_Product_JSON":["Succeeded"]},"type":"Table","inputs":{"from":"@body('Parse_Product_JSON')","format":"CSV"}},"Upload_Products_Dataset_for_Reference_Data":{"runAfter":{"Convert_JSON_to_CSV_to_Upload_DataSet_back_to_Mockaroo":["Succeeded"]},"type":"Http","inputs":{"method":"POST","uri":"@{concat('https://api.mockaroo.com/api/datasets/Products?key=',triggerBody()['text'])}","headers":{"content-type":"text/csv"},"body":"@body('Convert_JSON_to_CSV_to_Upload_DataSet_back_to_Mockaroo')"}},"Apply_to_each":{"foreach":"@body('Parse_Product_JSON')","actions":{"Create_Products_in_CDS":{"runAfter":{},"type":"OpenApiConnection","inputs":{"host":{"apiId":"/providers/Microsoft.PowerApps/apis/shared_commondataserviceforapps","connectionName":"shared_commondataserviceforapps","operationId":"CreateRecord"},"parameters":{"entityName":"products","item/quantitydecimal":2,"item/defaultuomid@odata.bind":"uoms(@{variables('PrimaryUnit')})","item/name":"@items('Apply_to_each')['name']","item/defaultuomscheduleid@odata.bind":"uomschedules(@{variables('UnitGroup')})","item/productnumber":"@items('Apply_to_each')['productnumber']","item/currentcost":"@float(items('Apply_to_each')['currentcost'])","item/price":"@float(items('Apply_to_each')['price'])","item/productid":"@items('Apply_to_each')['productid']","item/standardcost":"@float(items('Apply_to_each')['standardcost'])","item/statecode":0},"authentication":"@parameters('$authentication')"}},"Update_Products_in_CDS":{"runAfter":{"Create_Products_in_CDS":["Failed","Succeeded"]},"type":"OpenApiConnection","inputs":{"host":{"apiId":"/providers/Microsoft.PowerApps/apis/shared_commondataserviceforapps","connectionName":"shared_commondataserviceforapps","operationId":"UpdateRecord"},"parameters":{"entityName":"products","recordId":"@items('Apply_to_each')['productid']","item/name":"@items('Apply_to_each')['name']","item/productnumber":"@items('Apply_to_each')['productnumber']","item/transactioncurrencyid@odata.bind":"transactioncurrencies(@{variables('CurrencyId')})","item/currentcost":"@float(items('Apply_to_each')['currentcost'])","item/pricelevelid@odata.bind":"pricelevels(@{variables('PriceListID')})","item/price":"@float(items('Apply_to_each')['price'])","item/standardcost":"@float(items('Apply_to_each')['standardcost'])","item/statecode":0},"authentication":"@parameters('$authentication')"}},"Create_Product_Price_Item":{"runAfter":{"Update_Products_in_CDS":["Succeeded"]},"type":"OpenApiConnection","inputs":{"host":{"apiId":"/providers/Microsoft.PowerApps/apis/shared_commondataserviceforapps","connectionName":"shared_commondataserviceforapps","operationId":"CreateRecord"},"parameters":{"entityName":"productpricelevels","item/amount":"@float(items('Apply_to_each')['price'])","item/percentage":0,"item/pricingmethodcode":1,"item/quantitysellingcode":2,"item/roundingoptionamount":0,"item/roundingoptioncode":1,"item/roundingpolicycode":1,"item/uomid@odata.bind":"uoms(@{variables('PrimaryUnit')})","item/pricelevelid@odata.bind":"pricelevels(@{variables('PriceListID')})","item/productid@odata.bind":"products(@{items('Apply_to_each')['productid']})"},"authentication":"@parameters('$authentication')"}}},"runAfter":{"Upload_Products_Dataset_for_Reference_Data":["Succeeded"]},"type":"Foreach","runtimeConfiguration":{"concurrency":{"repetitions":20}}},"Currency_Select":{"foreach":"@outputs('Get_Currencies')?['body/value']","actions":{"Set_variable":{"runAfter":{},"type":"SetVariable","inputs":{"name":"CurrencyId","value":"@{string(items('Currency_Select')?['transactioncurrencyid'])}"}}},"runAfter":{"Get_Currencies":["Succeeded"]},"type":"Foreach"},"Unit_Group_Select":{"foreach":"@outputs('Get_Unit_Groups')?['body/value']","actions":{"Set_variable_2":{"runAfter":{},"type":"SetVariable","inputs":{"name":"UnitGroup","value":"@{string(items('Unit_Group_Select')?['uomscheduleid'])}"}}},"runAfter":{"Get_Unit_Groups":["Succeeded"]},"type":"Foreach"},"Primary_Unit_Select":{"foreach":"@outputs('Get_Primary_Unit')?['body/value']","actions":{"Set_variable_3":{"runAfter":{},"type":"SetVariable","inputs":{"name":"PrimaryUnit","value":"@{string(items('Primary_Unit_Select')?['uomid'])}"}}},"runAfter":{"Get_Primary_Unit":["Succeeded"]},"type":"Foreach"},"Success":{"runAfter":{"Apply_to_each":["Succeeded","Failed","Skipped"]},"type":"Response","kind":"Http","inputs":{"statusCode":200}},"Activate_Product_Family":{"runAfter":{"Create_a_Product_Family":["Succeeded","Failed","Skipped"]},"type":"OpenApiConnection","inputs":{"host":{"apiId":"/providers/Microsoft.PowerApps/apis/shared_commondataserviceforapps","connectionName":"shared_commondataserviceforapps","operationId":"UpdateRecord"},"parameters":{"entityName":"products","recordId":"@outputs('Create_a_Product_Family')?['body/productid']","item/pricelevelid@odata.bind":"pricelevels(@{variables('PriceListID')})","item/statecode":0},"authentication":"@parameters('$authentication')"}},"PriceListID":{"runAfter":{"Primary_Unit":["Succeeded"]},"type":"InitializeVariable","inputs":{"variables":[{"name":"PriceListID","type":"String","value":"80C2ED90-B2EC-452A-AB95-2740C464386A"}]}}},"outputs":{}}},"schemaVersion":"1.0.0.0"}