{"properties":{"connectionReferences":{"shared_commondataserviceforapps":{"impersonation":{},"runtimeSource":"embedded","connection":{},"api":{"name":"shared_commondataserviceforapps"}}},"definition":{"$schema":"https://schema.management.azure.com/providers/Microsoft.Logic/schemas/2016-06-01/workflowdefinition.json#","contentVersion":"1.0.0.0","parameters":{"$connections":{"defaultValue":{},"type":"Object"},"$authentication":{"defaultValue":{},"type":"SecureObject"}},"triggers":{"manual":{"type":"Request","kind":"Button","inputs":{"schema":{"type":"object","properties":{"text":{"title":"Mockaroo API Key","type":"string","x-ms-dynamically-added":true,"description":"Please enter your input","x-ms-content-hint":"TEXT"},"number":{"title":"Accounts","type":"number","x-ms-dynamically-added":true,"description":"0","x-ms-content-hint":"NUMBER"}},"required":["text","number"]}}}},"actions":{"Generate_Account_Data_from_Mockaroo":{"runAfter":{},"type":"Http","inputs":{"method":"POST","uri":"@{concat('https://api.mockaroo.com/api/generate.json?key=',triggerBody()['text'],'&count=',triggerBody()['number'])}","body":[{"type":"GUID","name":"id"},{"type":"Fake Company Name","name":"company_name"},{"type":"Street Address","name":"Address"},{"type":"City","name":"City"},{"type":"Postal Code","name":"Postal_Code"},{"countries":["New Zealand"],"type":"Country","name":"Country"},{"type":"Latitude","name":"Latitude"},{"type":"Longitude","name":"Longitude"},{"format":"+# (###) ###-####","type":"Phone","name":"Phone"},{"dataset":"Users","column":"id","selectionStyle":"random","type":"Dataset Column","name":"user_id"}]}},"Parse_Mockaroo_Account_JSON":{"runAfter":{"Generate_Account_Data_from_Mockaroo":["Succeeded"]},"type":"ParseJson","inputs":{"content":"@body('Generate_Account_Data_from_Mockaroo')","schema":{"type":"array","items":{"type":"object","properties":{"id":{"type":"string"},"company_name":{"type":"string"},"Address":{"type":"string"},"City":{"type":"string"},"Postal_Code":{"type":"string"},"Country":{"type":"string"},"Latitude":{"type":"number"},"Longitude":{"type":"number"},"Phone":{"type":"string"},"user_id":{"type":"string"}},"required":["id","company_name","Address","City","Postal_Code","Country","Latitude","Longitude","Phone","user_id"]}}}},"Convert_JSON_to_CSV_to_Upload_DataSet_back_to_Mockaroo":{"runAfter":{"Parse_Mockaroo_Account_JSON":["Succeeded"]},"type":"Table","inputs":{"from":"@body('Parse_Mockaroo_Account_JSON')","format":"CSV"}},"Upload_Accounts_DataSet_for_Reference_Data":{"runAfter":{"Convert_JSON_to_CSV_to_Upload_DataSet_back_to_Mockaroo":["Succeeded"]},"type":"Http","inputs":{"method":"POST","uri":"@{concat('https://api.mockaroo.com/api/datasets/Accounts?key=',triggerBody()['text'])}","headers":{"content-type":"text/csv"},"body":"@body('Convert_JSON_to_CSV_to_Upload_DataSet_back_to_Mockaroo')"}},"Apply_to_each":{"foreach":"@body('Parse_Mockaroo_Account_JSON')","actions":{"Create_Account_Record_in_CDS":{"runAfter":{},"type":"OpenApiConnection","inputs":{"host":{"apiId":"/providers/Microsoft.PowerApps/apis/shared_commondataserviceforapps","connectionName":"shared_commondataserviceforapps","operationId":"CreateRecord"},"parameters":{"entityName":"accounts","item/name":"@items('Apply_to_each')['company_name']","item/address1_city":"@items('Apply_to_each')['City']","item/address1_line1":"@items('Apply_to_each')['Address']","item/address1_postalcode":"@items('Apply_to_each')['Postal_Code']","item/telephone1":"@items('Apply_to_each')['Phone']","item/accountid":"@items('Apply_to_each')['id']","item/address1_country":"@items('Apply_to_each')['Country']","item/address1_latitude":"@items('Apply_to_each')['Latitude']","item/address1_longitude":"@items('Apply_to_each')['Longitude']","item/address1_telephone1":"@items('Apply_to_each')['Phone']","item/ownerid@odata.bind":"systemusers(@{items('Apply_to_each')['user_id']})"},"authentication":"@parameters('$authentication')"}}},"runAfter":{"Upload_Accounts_DataSet_for_Reference_Data":["Succeeded"]},"type":"Foreach","runtimeConfiguration":{"concurrency":{"repetitions":20}}},"Success_Response":{"runAfter":{"Apply_to_each":["Succeeded"]},"type":"Response","kind":"Http","inputs":{"statusCode":200}},"Failed_Response":{"runAfter":{"Apply_to_each":["Failed","TimedOut"]},"type":"Response","kind":"Http","inputs":{"statusCode":500}}},"outputs":{}}},"schemaVersion":"1.0.0.0"}