<ImportExportXml version="9.1.0.10732" SolutionPackageVersion="9.1" languagecode="1033" generatedBy="CrmLive" xmlns:xsi="http://www.w3.org/2001/XMLSchema-instance">
  <SolutionManifest>
    <UniqueName>SampleDataFlows</UniqueName>
    <LocalizedNames>
      <LocalizedName description="Sample Data Flows" languagecode="1033" />
    </LocalizedNames>
    <Descriptions />
    <Version>1.0.0.10</Version>
    <Managed>0</Managed>
    <Publisher>
      <UniqueName>intergen</UniqueName>
      <LocalizedNames>
        <LocalizedName description="Intergen" languagecode="1033" />
      </LocalizedNames>
      <Descriptions />
      <EMailAddress xsi:nil="true"></EMailAddress>
      <SupportingWebsiteUrl xsi:nil="true"></SupportingWebsiteUrl>
      <CustomizationPrefix>int</CustomizationPrefix>
      <CustomizationOptionValuePrefix>12159</CustomizationOptionValuePrefix>
      <Addresses>
        <Address>
          <AddressNumber>1</AddressNumber>
          <AddressTypeCode>1</AddressTypeCode>
          <City xsi:nil="true"></City>
          <County xsi:nil="true"></County>
          <Country xsi:nil="true"></Country>
          <Fax xsi:nil="true"></Fax>
          <FreightTermsCode xsi:nil="true"></FreightTermsCode>
          <ImportSequenceNumber xsi:nil="true"></ImportSequenceNumber>
          <Latitude xsi:nil="true"></Latitude>
          <Line1 xsi:nil="true"></Line1>
          <Line2 xsi:nil="true"></Line2>
          <Line3 xsi:nil="true"></Line3>
          <Longitude xsi:nil="true"></Longitude>
          <Name xsi:nil="true"></Name>
          <PostalCode xsi:nil="true"></PostalCode>
          <PostOfficeBox xsi:nil="true"></PostOfficeBox>
          <PrimaryContactName xsi:nil="true"></PrimaryContactName>
          <ShippingMethodCode>1</ShippingMethodCode>
          <StateOrProvince xsi:nil="true"></StateOrProvince>
          <Telephone1 xsi:nil="true"></Telephone1>
          <Telephone2 xsi:nil="true"></Telephone2>
          <Telephone3 xsi:nil="true"></Telephone3>
          <TimeZoneRuleVersionNumber xsi:nil="true"></TimeZoneRuleVersionNumber>
          <UPSZone xsi:nil="true"></UPSZone>
          <UTCOffset xsi:nil="true"></UTCOffset>
          <UTCConversionTimeZoneCode xsi:nil="true"></UTCConversionTimeZoneCode>
        </Address>
        <Address>
          <AddressNumber>2</AddressNumber>
          <AddressTypeCode>1</AddressTypeCode>
          <City xsi:nil="true"></City>
          <County xsi:nil="true"></County>
          <Country xsi:nil="true"></Country>
          <Fax xsi:nil="true"></Fax>
          <FreightTermsCode xsi:nil="true"></FreightTermsCode>
          <ImportSequenceNumber xsi:nil="true"></ImportSequenceNumber>
          <Latitude xsi:nil="true"></Latitude>
          <Line1 xsi:nil="true"></Line1>
          <Line2 xsi:nil="true"></Line2>
          <Line3 xsi:nil="true"></Line3>
          <Longitude xsi:nil="true"></Longitude>
          <Name xsi:nil="true"></Name>
          <PostalCode xsi:nil="true"></PostalCode>
          <PostOfficeBox xsi:nil="true"></PostOfficeBox>
          <PrimaryContactName xsi:nil="true"></PrimaryContactName>
          <ShippingMethodCode>1</ShippingMethodCode>
          <StateOrProvince xsi:nil="true"></StateOrProvince>
          <Telephone1 xsi:nil="true"></Telephone1>
          <Telephone2 xsi:nil="true"></Telephone2>
          <Telephone3 xsi:nil="true"></Telephone3>
          <TimeZoneRuleVersionNumber xsi:nil="true"></TimeZoneRuleVersionNumber>
          <UPSZone xsi:nil="true"></UPSZone>
          <UTCOffset xsi:nil="true"></UTCOffset>
          <UTCConversionTimeZoneCode xsi:nil="true"></UTCConversionTimeZoneCode>
        </Address>
      </Addresses>
    </Publisher>
    <RootComponents>
      <RootComponent type="29" id="{0fc34883-3f12-ea11-a811-000d3a6aabd7}" behavior="0" />
      <RootComponent type="29" id="{479e0d7b-5512-ea11-a811-000d3a6aa9c8}" behavior="0" />
      <RootComponent type="29" id="{6d44e093-3712-ea11-a811-000d3a6aa9c8}" behavior="0" />
      <RootComponent type="29" id="{a6bfae99-4412-ea11-a811-000d3a6aabd7}" behavior="0" />
      <RootComponent type="29" id="{ed4c3395-8014-ea11-a811-000d3a6aabd7}" behavior="0" />
      <RootComponent type="29" id="{f6d7d09c-4a12-ea11-a811-000d3a6aabd7}" behavior="0" />
    </RootComponents>
    <MissingDependencies>
      <MissingDependency>
        <Required key="0" type="1" schemaName="uom" displayName="Unit" solution="msdynce_ProductManagement (9.0.4.0066)" />
        <Dependent key="1" type="29" displayName="Sample Data - Create Opportunities" id="{ed4c3395-8014-ea11-a811-000d3a6aabd7}" />
      </MissingDependency>
      <MissingDependency>
        <Required key="2" type="1" schemaName="opportunitysalesprocess" displayName="Opportunity Sales Process" solution="msdynce_Sales (9.0.4.0076)" />
        <Dependent key="1" type="29" displayName="Sample Data - Create Opportunities" id="{ed4c3395-8014-ea11-a811-000d3a6aabd7}" />
      </MissingDependency>
      <MissingDependency>
        <Required key="3" type="1" schemaName="opportunityproduct" displayName="Opportunity Product" solution="msdynce_Sales (9.0.4.0076)" />
        <Dependent key="1" type="29" displayName="Sample Data - Create Opportunities" id="{ed4c3395-8014-ea11-a811-000d3a6aabd7}" />
      </MissingDependency>
      <MissingDependency>
        <Required key="4" type="1" schemaName="opportunity" displayName="Opportunity" solution="msdynce_Sales (9.0.4.0076)" />
        <Dependent key="1" type="29" displayName="Sample Data - Create Opportunities" id="{ed4c3395-8014-ea11-a811-000d3a6aabd7}" />
      </MissingDependency>
      <MissingDependency>
        <Required key="5" type="1" schemaName="productpricelevel" displayName="Price List Item" solution="msdynce_ProductManagement (9.0.4.0066)" />
        <Dependent key="6" type="29" displayName="Sample Data - Create Products" id="{479e0d7b-5512-ea11-a811-000d3a6aa9c8}" />
      </MissingDependency>
      <MissingDependency>
        <Required key="7" type="1" schemaName="pricelevel" displayName="Price List" solution="msdynce_ProductManagement (9.0.4.0066)" />
        <Dependent key="6" type="29" displayName="Sample Data - Create Products" id="{479e0d7b-5512-ea11-a811-000d3a6aa9c8}" />
      </MissingDependency>
      <MissingDependency>
        <Required key="8" type="1" schemaName="product" displayName="Product" solution="msdynce_ProductManagement (9.0.4.0066)" />
        <Dependent key="6" type="29" displayName="Sample Data - Create Products" id="{479e0d7b-5512-ea11-a811-000d3a6aa9c8}" />
      </MissingDependency>
      <MissingDependency>
        <Required key="9" type="1" schemaName="uomschedule" displayName="Unit Group" solution="msdynce_ProductManagement (9.0.4.0066)" />
        <Dependent key="6" type="29" displayName="Sample Data - Create Products" id="{479e0d7b-5512-ea11-a811-000d3a6aa9c8}" />
      </MissingDependency>
      <MissingDependency>
        <Required key="0" type="1" schemaName="uom" displayName="Unit" solution="msdynce_ProductManagement (9.0.4.0066)" />
        <Dependent key="6" type="29" displayName="Sample Data - Create Products" id="{479e0d7b-5512-ea11-a811-000d3a6aa9c8}" />
      </MissingDependency>
    </MissingDependencies>
  </SolutionManifest>
</ImportExportXml>