{"properties":{"connectionReferences":{},"definition":{"$schema":"https://schema.management.azure.com/providers/Microsoft.Logic/schemas/2016-06-01/workflowdefinition.json#","contentVersion":"1.0.0.0","parameters":{"$authentication":{"defaultValue":{},"type":"SecureObject"}},"triggers":{"manual":{"type":"Request","kind":"Button","inputs":{"schema":{"type":"object","properties":{"text":{"title":"Mockaroo API Key","type":"string","x-ms-dynamically-added":true,"description":"Signup for an Account at https://mockaroo.com","x-ms-content-hint":"TEXT"},"boolean":{"title":"Users Already Created ? ","type":"boolean","x-ms-dynamically-added":true,"description":"Please select yes or no","x-ms-content-hint":"BOOLEAN"},"number":{"title":"Users","type":"number","x-ms-dynamically-added":true,"description":"0","x-ms-content-hint":"NUMBER"},"number_1":{"title":"Accounts","type":"number","x-ms-dynamically-added":true,"description":"0","x-ms-content-hint":"NUMBER"},"number_2":{"title":"Contacts","type":"number","x-ms-dynamically-added":true,"description":"0","x-ms-content-hint":"NUMBER"},"location":{"type":"object","properties":{"coordinates":{"type":"object","properties":{"longitude":{"title":"Longitude","type":"number","x-ms-dynamically-added":false}},"required":["longitude"]}}},"boolean_1":{"title":"Create Products","type":"boolean","x-ms-dynamically-added":true,"description":"Please select yes or no","x-ms-content-hint":"BOOLEAN"},"number_3":{"title":"Opportunities","type":"number","x-ms-dynamically-added":true,"description":"0","x-ms-content-hint":"NUMBER"},"text_1":{"title":"Business Process Flow to Map","type":"string","x-ms-dynamically-added":true,"description":"Enter Business Process Flow Id for Opportunity Mapping (if desired)","x-ms-content-hint":"TEXT"}},"required":["text","boolean","number","number_1","number_2","location","boolean_1","number_3"]}}}},"actions":{"Check_if_Users_are_already_created":{"actions":{},"runAfter":{},"else":{"actions":{"Run_a_Child_Flow":{"runAfter":{},"type":"Workflow","inputs":{"host":{"workflowReferenceName":"6d44e093-3712-ea11-a811-000d3a6aa9c8"},"body":{"text_1":"@triggerBody()['text']","number":"@triggerBody()['number']"}}}}},"expression":{"equals":["@triggerBody()['boolean']",true]},"type":"If"},"Create_Accounts_Records":{"actions":{"Create_Accounts":{"runAfter":{},"type":"Workflow","inputs":{"host":{"workflowReferenceName":"a6bfae99-4412-ea11-a811-000d3a6aabd7"},"body":{"text":"@triggerBody()['text']","number":"@triggerBody()['number_1']"}}}},"runAfter":{"Check_if_Users_are_already_created":["Succeeded"]},"expression":{"greater":["@triggerBody()['number_1']",0]},"type":"If"},"Create_Contacts_Records":{"actions":{"Create_Contacts":{"runAfter":{},"type":"Workflow","inputs":{"host":{"workflowReferenceName":"f6d7d09c-4a12-ea11-a811-000d3a6aabd7"},"body":{"text":"@triggerBody()['text']","number":"@triggerBody()['number_2']"}}}},"runAfter":{"Create_Accounts_Records":["Succeeded"]},"expression":{"greater":["@triggerBody()['number_2']",0]},"type":"If"},"Create_Product_Records":{"actions":{"Create_Products":{"runAfter":{},"type":"Workflow","inputs":{"host":{"workflowReferenceName":"479e0d7b-5512-ea11-a811-000d3a6aa9c8"},"body":{"text":"@triggerBody()['text']"}}}},"runAfter":{"Create_Contacts_Records":["Succeeded"]},"expression":{"equals":["@triggerBody()['boolean_1']",true]},"type":"If"},"Create_Opportunity_Records":{"actions":{"Create_Opportunities":{"runAfter":{},"type":"Workflow","inputs":{"host":{"workflowReferenceName":"ed4c3395-8014-ea11-a811-000d3a6aabd7"},"body":{"text":"@triggerBody()['text']","number":"@triggerBody()['number_3']","text_1":"@if(contains(triggerBody(),'text_1'),triggerBody()?['text_1'],'')"}}}},"runAfter":{"Create_Product_Records":["Succeeded"]},"expression":{"greater":["@triggerBody()['number_3']",0]},"type":"If"}},"outputs":{}}},"schemaVersion":"1.0.0.0"}