{"properties":{"connectionReferences":{"shared_commondataserviceforapps":{"impersonation":{},"runtimeSource":"embedded","connection":{},"api":{"name":"shared_commondataserviceforapps"}}},"definition":{"$schema":"https://schema.management.azure.com/providers/Microsoft.Logic/schemas/2016-06-01/workflowdefinition.json#","contentVersion":"1.0.0.0","parameters":{"$connections":{"defaultValue":{},"type":"Object"},"$authentication":{"defaultValue":{},"type":"SecureObject"}},"triggers":{"manual":{"type":"Request","kind":"Button","inputs":{"schema":{"type":"object","properties":{"text_1":{"title":"Mockaroo Key","type":"string","x-ms-dynamically-added":true,"description":"787f71c0","x-ms-content-hint":"TEXT"},"number":{"title":"Users","type":"number","x-ms-dynamically-added":true,"description":"0","x-ms-content-hint":"NUMBER"}},"required":["text_1","number"]}}}},"actions":{"Generate_User_Data_from_Mockaroo":{"runAfter":{},"type":"Http","inputs":{"method":"POST","uri":"@{concat('https://api.mockaroo.com/api/generate.json?key=',triggerBody()['text_1'],'&count=',triggerBody()['number'])}","body":[{"type":"GUID","name":"id"},{"type":"First Name","name":"first_name"},{"type":"Last Name","name":"last_name"},{"type":"Email Address","name":"email"}]}},"Parse_Mockaroo_User_JSON":{"runAfter":{"Generate_User_Data_from_Mockaroo":["Succeeded"]},"type":"ParseJson","inputs":{"content":"@body('Generate_User_Data_from_Mockaroo')","schema":{"type":"array","items":{"type":"object","properties":{"id":{"type":"string"},"first_name":{"type":"string"},"last_name":{"type":"string"},"email":{"type":"string"}},"required":["id","first_name","last_name","email"]}}}},"Convert_JSON_to_CSV_to_Upload_DataSet_back_to_Mockaroo":{"runAfter":{"Parse_Mockaroo_User_JSON":["Succeeded"]},"type":"Table","inputs":{"from":"@body('Parse_Mockaroo_User_JSON')","format":"CSV"}},"Upload_Users_DataSet_for_Reference_Data":{"runAfter":{"Convert_JSON_to_CSV_to_Upload_DataSet_back_to_Mockaroo":["Succeeded"]},"type":"Http","inputs":{"method":"POST","uri":"@{concat('https://api.mockaroo.com/api/datasets/Users?key=',triggerBody()['text_1'])}","headers":{"content-type":"text/csv"},"body":"@body('Convert_JSON_to_CSV_to_Upload_DataSet_back_to_Mockaroo')"}},"Get_a_Business_Unit_from_CDS":{"runAfter":{"Upload_Users_DataSet_for_Reference_Data":["Succeeded"]},"type":"OpenApiConnection","inputs":{"host":{"apiId":"/providers/Microsoft.PowerApps/apis/shared_commondataserviceforapps","connectionName":"shared_commondataserviceforapps","operationId":"ListRecords"},"parameters":{"entityName":"businessunits","$top":1},"authentication":"@parameters('$authentication')"}},"For_Each_User_-_Create_User":{"foreach":"@body('Parse_Mockaroo_User_JSON')","actions":{"Create_User":{"foreach":"@outputs('Get_a_Business_Unit_from_CDS')?['body/value']","actions":{"Create_User_Record_in_CDS":{"runAfter":{},"type":"OpenApiConnection","inputs":{"host":{"apiId":"/providers/Microsoft.PowerApps/apis/shared_commondataserviceforapps","connectionName":"shared_commondataserviceforapps","operationId":"CreateRecord"},"parameters":{"entityName":"systemusers","item/firstname":"@items('For_Each_User_-_Create_User')['first_name']","item/invitestatuscode":1,"item/lastname":"@items('For_Each_User_-_Create_User')['last_name']","item/businessunitid@odata.bind":"businessunits(@{items('Create_User')?['businessunitid']})","item/internalemailaddress":"@items('For_Each_User_-_Create_User')['email']","item/systemuserid":"@items('For_Each_User_-_Create_User')['id']"},"authentication":"@parameters('$authentication')"}}},"runAfter":{},"type":"Foreach"}},"runAfter":{"Get_a_Business_Unit_from_CDS":["Succeeded"]},"type":"Foreach","runtimeConfiguration":{"concurrency":{"repetitions":20}}},"Response":{"runAfter":{"For_Each_User_-_Create_User":["Failed"]},"type":"Response","kind":"Http","inputs":{"statusCode":500}},"Response_2":{"runAfter":{"For_Each_User_-_Create_User":["Succeeded"]},"type":"Response","kind":"Http","inputs":{"statusCode":200}}},"outputs":{}}},"schemaVersion":"1.0.0.0"}