{"properties":{"connectionReferences":{"shared_commondataserviceforapps":{"impersonation":{},"runtimeSource":"embedded","connection":{},"api":{"name":"shared_commondataserviceforapps"}}},"definition":{"$schema":"https://schema.management.azure.com/providers/Microsoft.Logic/schemas/2016-06-01/workflowdefinition.json#","contentVersion":"1.0.0.0","parameters":{"$connections":{"defaultValue":{},"type":"Object"},"$authentication":{"defaultValue":{},"type":"SecureObject"}},"triggers":{"manual":{"type":"Request","kind":"Button","inputs":{"schema":{"type":"object","properties":{"text":{"title":"Mockaroo API Key","type":"string","x-ms-dynamically-added":true,"description":"Please enter your input","x-ms-content-hint":"TEXT"},"number":{"title":"Opportunities","type":"number","x-ms-dynamically-added":true,"description":"0","x-ms-content-hint":"NUMBER"},"text_1":{"title":"Business Process Flow to Map","type":"string","x-ms-dynamically-added":true,"description":"Enter Business Process Flow Id for Opportunity Mapping (if desired)","x-ms-content-hint":"TEXT"}},"required":["text","number"]}}}},"actions":{"Generate_Opportunity_Data_from_Mockaroo":{"runAfter":{"Business_Process_Flow_ID_Provided":["Succeeded"]},"type":"Http","inputs":{"method":"POST","uri":"@{concat('https://api.mockaroo.com/api/generate.json?key=',triggerBody()['text'],'&count=',triggerBody()['number'])}","body":"@concat('[\n  {\n    \"type\": \"GUID\",\n    \"name\": \"id\"\n  },\n  {\n    \"type\": \"App Name\",\n    \"name\": \"opportunity_name\"\n  },\n  {\n    \"dataset\": \"Contacts\",\n    \"column\": \"id\",\n    \"selectionStyle\": \"random\",\n    \"type\": \"Dataset Column\",\n    \"name\": \"customer_id\"\n  },\n  {\n    \"min\": \"12/01/2019\",\n    \"max\": \"12/01/2020\",\n    \"type\": \"Date\",\n    \"name\": \"estimated_close\"\n  },\n  {\n    \"min\": 10000,\n    \"max\": 1000000,\n    \"symbol\": \"none\",\n    \"type\": \"Money\",\n    \"name\": \"estimated_revenue\"\n  },\n  {\n    \"min\": 1,\n    \"max\": 3,\n    \"decimals\": 0,\n    \"type\": \"Number\",\n    \"name\": \"rating\"\n  },\n  {\n    \"min\": 0,\n    \"max\": 3,\n    \"decimals\": 0,\n    \"type\": \"Number\",\n    \"name\": \"salesstage\"\n  },\n  {\n    \"values\":',variables('OpportunityStages') ,',\n    \"type\": \"Custom List\",\n    \"name\": \"stageid\"\n  },\n  {\n    \"dataset\": \"Users\",\n    \"column\": \"id\",\n    \"selectionStyle\": \"random\",\n    \"type\": \"Dataset Column\",\n    \"name\": \"user_id\"\n  },\n  {\n    \"minItems\": 2,\n    \"maxItems\": 5,\n    \"type\": \"JSON Array\",\n    \"name\": \"opportunityProduct\"\n  },\n  {\n    \"dataset\": \"Products\",\n    \"column\": \"productid\",\n    \"selectionStyle\": \"random\",\n    \"type\": \"Dataset Column\",\n    \"name\": \"opportunityProduct.productid\"\n  },\n  {\n    \"dataset\": \"Products\",\n    \"column\": \"name\",\n    \"selectionStyle\": \"random\",\n    \"type\": \"Dataset Column\",\n    \"name\": \"opportunityProduct.name\"\n  },\n  {\n    \"dataset\": \"Products\",\n    \"column\": \"defaultuomid\",\n    \"selectionStyle\": \"random\",\n    \"type\": \"Dataset Column\",\n    \"name\": \"opportunityProduct.defaultuomid\"\n  },\n  {\n    \"min\": 1,\n    \"max\": 10,\n    \"decimals\": 0,\n    \"type\": \"Number\",\n    \"name\": \"opportunityProduct.quantity\"\n  }\n]')"}},"Parse_Mockaroo_Opportunity_JSON":{"runAfter":{"Generate_Opportunity_Data_from_Mockaroo":["Succeeded"]},"type":"ParseJson","inputs":{"content":"@body('Generate_Opportunity_Data_from_Mockaroo')","schema":{"type":"array","items":{"type":"object","properties":{"id":{"type":"string"},"opportunity_name":{"type":"string"},"customer_id":{"type":"string"},"estimated_close":{"type":"string"},"estimated_revenue":{"type":"string"},"rating":{"type":"integer"},"salesstage":{"type":"integer"},"stageid":{"type":"string"},"user_id":{"type":"string"},"opportunityProduct":{"type":"array","items":{"type":"object","properties":{"productid":{"type":"string"},"name":{"type":"string"},"defaultuomid":{"type":"string"},"quantity":{"type":"integer"}},"required":["productid","name","defaultuomid","quantity"]}}},"required":["id","opportunity_name","customer_id","estimated_close","estimated_revenue","rating","salesstage","user_id","opportunityProduct"]}}}},"Convert_JSON_to_CSV_to_Upload_DataSet_back_to_Mockaroo":{"runAfter":{"Parse_Mockaroo_Opportunity_JSON":["Succeeded"]},"type":"Table","inputs":{"from":"@body('Parse_Mockaroo_Opportunity_JSON')","format":"CSV"}},"Upload_Opportunities_DataSet_for_Reference_Data":{"runAfter":{"Convert_JSON_to_CSV_to_Upload_DataSet_back_to_Mockaroo":["Succeeded"]},"type":"Http","inputs":{"method":"POST","uri":"@{concat('https://api.mockaroo.com/api/datasets/Opportunities?key=',triggerBody()['text'])}","headers":{"content-type":"text/csv"},"body":"@body('Convert_JSON_to_CSV_to_Upload_DataSet_back_to_Mockaroo')"}},"Apply_to_each":{"foreach":"@body('Parse_Mockaroo_Opportunity_JSON')","actions":{"Create_Opportuny_Record_in_CDS":{"runAfter":{},"type":"OpenApiConnection","inputs":{"host":{"apiId":"/providers/Microsoft.PowerApps/apis/shared_commondataserviceforapps","connectionName":"shared_commondataserviceforapps","operationId":"CreateRecord"},"parameters":{"entityName":"opportunities","item/transactioncurrencyid@odata.bind":"transactioncurrencies(@{variables('CurrencyID')})","item/name":"@items('Apply_to_each')['opportunity_name']","item/estimatedclosedate":"@items('Apply_to_each')['estimated_close']","item/customerid_contact@odata.bind":"contacts(@{items('Apply_to_each')['customer_id']})","item/opportunityid":"@items('Apply_to_each')['id']","item/ownerid@odata.bind":"systemusers(@{items('Apply_to_each')['user_id']})","item/pricelevelid@odata.bind":"pricelevels(80C2ED90-B2EC-452A-AB95-2740C464386A)","item/opportunityratingcode":"@items('Apply_to_each')['rating']","item/isrevenuesystemcalculated":true,"item/salesstage":"@items('Apply_to_each')['salesstage']"},"authentication":"@parameters('$authentication')"}},"Apply_to_each_3":{"foreach":"@items('Apply_to_each')['opportunityProduct']","actions":{"Create_Products":{"runAfter":{},"type":"OpenApiConnection","inputs":{"host":{"apiId":"/providers/Microsoft.PowerApps/apis/shared_commondataserviceforapps","connectionName":"shared_commondataserviceforapps","operationId":"CreateRecord"},"parameters":{"entityName":"opportunityproducts","item/opportunityproductname":"@items('Apply_to_each_3')['name']","item/quantity":"@items('Apply_to_each_3')['quantity']","item/productid@odata.bind":"products(@{items('Apply_to_each_3')['productid']})","item/opportunityid@odata.bind":"opportunities(@{items('Apply_to_each')['id']})","item/uomid@odata.bind":"uoms(@{variables('PrimaryUnit')})"},"authentication":"@parameters('$authentication')"}}},"runAfter":{"Create_Opportuny_Record_in_CDS":["Succeeded"]},"type":"Foreach"}},"runAfter":{"Upload_Opportunities_DataSet_for_Reference_Data":["Succeeded"]},"type":"Foreach","runtimeConfiguration":{"concurrency":{"repetitions":20}}},"CurrencyId":{"runAfter":{},"type":"InitializeVariable","inputs":{"variables":[{"name":"CurrencyID","type":"String"}]}},"Get_Currencies":{"runAfter":{"Opportunity_Stages":["Succeeded"]},"type":"OpenApiConnection","inputs":{"host":{"apiId":"/providers/Microsoft.PowerApps/apis/shared_commondataserviceforapps","connectionName":"shared_commondataserviceforapps","operationId":"ListRecords"},"parameters":{"entityName":"transactioncurrencies","$top":1},"authentication":"@parameters('$authentication')"}},"Apply_to_each_2":{"foreach":"@outputs('Get_Currencies')?['body/value']","actions":{"Set_Currency":{"runAfter":{},"type":"SetVariable","inputs":{"name":"CurrencyID","value":"@items('Apply_to_each_2')?['transactioncurrencyid']"}}},"runAfter":{"Get_Currencies":["Succeeded"]},"type":"Foreach"},"Success_Reponse":{"runAfter":{"Map_Opportunities_to_Business_Process_Flow_Stages":["Succeeded"]},"type":"Response","kind":"Http","inputs":{"statusCode":200}},"Primary_Unit":{"runAfter":{"CurrencyId":["Succeeded"]},"type":"InitializeVariable","inputs":{"variables":[{"name":"PrimaryUnit","type":"String"}]}},"Get_Primary_Unit":{"runAfter":{"Apply_to_each_2":["Succeeded"]},"type":"OpenApiConnection","inputs":{"host":{"apiId":"/providers/Microsoft.PowerApps/apis/shared_commondataserviceforapps","connectionName":"shared_commondataserviceforapps","operationId":"ListRecords"},"parameters":{"entityName":"uoms","$filter":"name eq 'Primary Unit'","$top":1},"authentication":"@parameters('$authentication')"}},"Apply_to_each_4":{"foreach":"@outputs('Get_Primary_Unit')?['body/value']","actions":{"Set_Primary_Unit":{"runAfter":{},"type":"SetVariable","inputs":{"name":"PrimaryUnit","value":"@items('Apply_to_each_4')?['uomid']"}}},"runAfter":{"Get_Primary_Unit":["Succeeded"]},"type":"Foreach"},"Opportunity_Stages":{"runAfter":{"Primary_Unit":["Succeeded"]},"type":"InitializeVariable","inputs":{"variables":[{"name":"OpportunityStages","type":"Array"}]}},"Business_Process_Flow_ID_Provided":{"actions":{"Get_Opportunity_Sales_Process_Records":{"runAfter":{},"type":"OpenApiConnection","inputs":{"host":{"apiId":"/providers/Microsoft.PowerApps/apis/shared_commondataserviceforapps","connectionName":"shared_commondataserviceforapps","operationId":"ListRecords"},"parameters":{"entityName":"processstages","$filter":"primaryentitytypecode eq 'opportunity' and _processid_value eq '@{if(equals(triggerBody()?['text_1'],''),'3E8EBEE6-A2BC-4451-9C5F-B146B085413A',triggerBody()?['text_1'])}'"},"authentication":"@parameters('$authentication')"}},"Apply_to_each_5":{"foreach":"@outputs('Get_Opportunity_Sales_Process_Records')?['body/value']","actions":{"Append_to_array_variable":{"runAfter":{},"type":"AppendToArrayVariable","inputs":{"name":"OpportunityStages","value":"@items('Apply_to_each_5')?['processstageid']"}}},"runAfter":{"Get_Opportunity_Sales_Process_Records":["Succeeded"]},"type":"Foreach"}},"runAfter":{"Apply_to_each_4":["Succeeded"]},"expression":{"equals":["@if(contains(triggerBody(),'text_1'),true,false)","@true"]},"type":"If"},"Map_Opportunities_to_Business_Process_Flow_Stages":{"actions":{"Apply_to_each_7":{"foreach":"@body('Parse_Mockaroo_Opportunity_JSON')","actions":{"Retrieve_Active_Opportunity_Sales_Stage":{"runAfter":{},"type":"OpenApiConnection","inputs":{"host":{"apiId":"/providers/Microsoft.PowerApps/apis/shared_commondataserviceforapps","connectionName":"shared_commondataserviceforapps","operationId":"ListRecords"},"parameters":{"entityName":"opportunitysalesprocesses","$filter":"_opportunityid_value eq @{items('Apply_to_each_7')['id']}"},"authentication":"@parameters('$authentication')"}},"Apply_to_each_8":{"foreach":"@outputs('Retrieve_Active_Opportunity_Sales_Stage')?['body/value']","actions":{"Update_Sales_Stage":{"runAfter":{},"type":"OpenApiConnection","inputs":{"host":{"apiId":"/providers/Microsoft.PowerApps/apis/shared_commondataserviceforapps","connectionName":"shared_commondataserviceforapps","operationId":"UpdateRecord"},"parameters":{"entityName":"opportunitysalesprocesses","recordId":"@items('Apply_to_each_8')?['businessprocessflowinstanceid']","item/activestageid@odata.bind":"processstages(@{items('Apply_to_each_7')['stageid']})"},"authentication":"@parameters('$authentication')"}}},"runAfter":{"Retrieve_Active_Opportunity_Sales_Stage":["Succeeded"]},"type":"Foreach"}},"runAfter":{},"type":"Foreach","runtimeConfiguration":{"concurrency":{"repetitions":20}}}},"runAfter":{"Apply_to_each":["Succeeded"]},"expression":{"equals":["@if(contains(triggerBody(),'text_1'),true,false)","@true"]},"type":"If"}},"outputs":{}}},"schemaVersion":"1.0.0.0"}